{
  "sgd": {
    "accuracy": 0.7213930348258707,
    "precision": 0.6028481012658228,
    "recall": 0.9292682926829269,
    "f1": 0.7312859884836852
  },
  "random_forest": {
    "accuracy": 0.909452736318408,
    "precision": 0.8752941176470588,
    "recall": 0.9073170731707317,
    "f1": 0.8910179640718563
  },
  "hist_gbm": {
    "accuracy": 0.9064676616915422,
    "precision": 0.860730593607306,
    "recall": 0.9195121951219513,
    "f1": 0.8891509433962265
  },
  "mlp": {
    "accuracy": 0.8746268656716418,
    "precision": 0.8256880733944955,
    "recall": 0.8780487804878049,
    "f1": 0.851063829787234
  }
}